player_id,player_name,score,elemental,modal,planets,moon,aspects
38468,"Michael Massey",69.48
30873,"Jaden Hill",96.00
10303,"Mookie Betts",89.78
10503,"Teoscar Hernández",89.78
16047,"Pete Fairbanks",95.68
29378,"Dairon Blanco",72.47
29824,"Jarren Duran",87.00
17733,"J.P. Feyereisen",66.62
12553,"Ozzie Albies",63.80
132972,"Kristian Campbell",78.15
12534,"Austin Slater",95.68
28977,"Nick Loftin",86.89
20056,"Ji-Hwan Bae",81.06
28914,"Casey Schmitt",66.58
28907,"Max Meyer",69.47
38463,"Lawrence Butler",81.05
29230,"Ryan Kreidler",92.62
133439,"Seth Halvorsen",66.62
133054,"Logan Henderson",69.47
14747,"Adolis Garcia",69.47
10617,"Christian Yelich",95.68
38238,"Felix Bautista",78.20
28996,"Emerson Hancock",75.30
38348,"Fernando Cruz",69.48
29417,"Sean Reynolds",72.49
12415,"Jesse Winker",84.08
11087,"Joe Mantiply",66.58
15914,"Bo Naylor",66.65
10575,"Kenta Maeda",72.49
10931,"Carson Kelly",81.05
29067,"Nick Fortes",92.62
38779,"Kyle Manzardo",81.05
133075,"Carson McCusker",75.38
12552,"Amed Rosario",92.62
29857,"Sam Long",81.05
10985,"Luke Jackson",84.06
30879,"AJ Smith-Shawver",92.62
12381,"Bryan Reynolds",63.79
165256,"David Morgan",89.73
132807,"Ryan Bergert",69.47
14064,"Jalen Beeks",81.05
38419,"Brett Wisely",75.40
160199,"Cam Smith",66.65
14084,"Scott Barlow",95.68
10341,"Raisel Iglesias",63.80
15550,"Dylan Moore",84.08
10408,"Nolan Arenado",72.49
160179,"Garrett McDaniels",95.68
47957,"Xzavion Curry",81.19
17851,"Brendan Donovan",63.80
32304,"Jordan Leasure",84.08
29470,"Kyle Stowers",63.80
39036,"Cam Booser",75.40
38172,"Spencer Horwitz",92.62
12547,"Erick Fedde",66.65
78002,"Logan Allen",87.00
28875,"Riley O'Brien",66.62
12277,"Tomás Nido",72.49
11259,"Enrique Hernández",84.06
28728,"Tyler Ferguson",89.78
17804,"Brandon Waddell",78.20
14214,"Dillon Tate",72.50
29952,"Yerry De Los Santos",95.68
38666,"James Wood",87.00
11053,"Bryce Harper",89.78
29901,"Dylan Lee",81.19
38679,"Yennier Cano",69.47
15553,"Brock Burke",84.08
28665,"Taylor Walls",81.05
29017,"Landon Knack",81.05
38202,"Vinnie Pasquantino",89.78
14336,"Clarke Schmidt",66.65
29902,"Brett Baty",92.62
164593,"Nick Kurtz",69.47
10989,"Nick Martinez",84.08
10361,"Shawn Armstrong",87.00
11180,"Danny Coulombe",89.73
15494,"Jacob Webb",84.08
29868,"Max Lazar",78.20
17769,"Jonah Heim",78.15
14198,"Isaac Paredes",66.62
30882,"Caleb Durbin",66.65
18507,"Luke Williams",84.08
30785,"Bryan Woo",63.79
14268,"Austin Riley",72.49
28848,"Ivan Herrera",75.30
30765,"Noah Cameron",81.05
14107,"Tyler Kinley",63.72
38275,"Cade Smith",75.40
29844,"Cody Poteet",81.19
79600,"Mike Vasil",69.47
12353,"Taylor Clarke",75.40
12482,"Mark Leiter Jr.",69.47
15786,"Edwin Uceta",63.80
77851,"Anthony Maldonado",66.62
17098,"David Bednar",89.78
132962,"Keider Montero",81.05
12314,"Kyle Tucker",63.80
29019,"Brandon Pfaadt",89.78
29020,"Heston Kjerstad",66.62
32261,"Jose Barrero",72.49
78290,"Spencer Arrighetti",63.80
30745,"Connor Norby",78.20
132249,"Shota Imanaga",84.10
14272,"Jo Adell",72.49
15901,"Jake McCarthy",81.19
39852,"Osvaldo Bido",89.78
14221,"D.L. Hall",87.00
14279,"Leody Taveras",87.00
79645,"Troy Taylor",87.00
38498,"Matthew Lugo",75.40
15924,"Jhonny Pereda",72.49
77917,"Luis Contreras",72.50
12275,"Framber Valdez",92.62
10296,"Christian Vázquez",84.08
28904,"Patrick Bailey",75.30
11105,"José Ramírez",87.00
28947,"Alec Burleson",92.78
10853,"Hunter Renfroe",63.79
14237,"Mackenzie Gore",66.65
10561,"Mike Trout",84.08
163537,"Chase Dollander",89.73
12962,"Tim Mayza",63.80
28926,"Slade Cecconi",78.23
17123,"Michael King",75.38
10690,"Zack Wheeler",75.30
14238,"Cal Quantrill",66.62
79672,"Jacob Lopez",69.47
13979,"Danny Jansen",72.49
38791,"Michel Otanez",81.05
18473,"Weston Wilson",87.00
79695,"Chandler Simpson",92.62
132812,"Jonathan Cannon",81.05
29012,"Reid Detmers",81.05
15646,"Nate Lowe",81.05
133053,"Shane Smith",72.49
12228,"Willy Adames",87.00
12473,"Paul Sewald",75.38
10803,"Jameson Taillon",92.62
77665,"Andrew Abbott",75.30
14075,"Jose Siri",81.05
29935,"Yosver Zulueta",63.79
38206,"Penn Murfee",75.40
15793,"Ryan Weathers",95.68
77597,"Victor Mederos",78.20
10851,"Travis Jankowski",78.20
30847,"Grant Holman",75.30
10676,"Jacob deGrom",78.20
10867,"Taijuan Walker",84.08
12383,"Dylan Carlson",89.89
10683,"Seth Lugo",92.62
22221,"John King",87.00
12410,"Ryan O'Hearn",81.06
132826,"Carson Palmquist",89.78
29873,"Logan Davidson",95.70
163296,"Anthony Molina",8.71
29522,"Cesar Salazar",69.47
15732,"Jake Rogers",72.49
29165,"Vinny Capra",81.05
38228,"Beau Brieske",72.49
119799,"Orion Kerkering",72.49
15529,"Connor Joe",84.08
18377,"Eduard Bazardo",84.10
10252,"Kevin Gausman",63.80
12384,"Carlos Vargas",89.78
12183,"Rob Brantly",81.05
11056,"Michael A. Taylor",69.48
31114,"Sean Guenther",95.70
38273,"Chase Lee",84.08
29924,"Spencer Steer",95.68
77636,"Kodai Senga",63.79
28934,"Kyle Nicolas",66.65
15776,"Jose Soriano",89.78
28627,"Ryan Fitzgerald",78.20
30798,"Sal Frelick",72.49
12202,"Kevin Newman",84.08
20040,"Logan O'Hoppe",66.62
15590,"Jarred Kelenic",81.05
12321,"Myles Straw",89.78
38785,"Ryan Walker",92.78
28784,"Zack Kelly",69.47
12239,"Gleyber Torres",95.68
28860,"Yoendrys Gomez",89.78
11064,"Andrew Benintendi",81.05
11155,"Ketel Marte",89.78
77684,"Michael McGreevy",81.05
114716,"Nolan Schanuel",66.62
30959,"Gavin Williams",81.06
38143,"Michael Toglia",84.08
10670,"Byron Buxton",95.68
15540,"Jose Suarez",63.80
30874,"Justyn-Henry Malloy",66.62
11367,"Jesse Chavez",84.08
30744,"Gunnar Hoglund",95.68
12412,"Andy Ibanez",72.49
29734,"Mason McCoy",69.59
12419,"Rowdy Tellez",69.47
132820,"Matt Shaw",92.62
20042,"Bobby Witt Jr.",78.20
77900,"Hunter Bigge",78.20
14251,"Ryan Mountcastle",66.62
79578,"Zach Dezenzo",75.40
31003,"Chase Petty",72.49
11265,"Adam Ottavino",93.02
38643,"Marc Church",69.48
14241,"Eric Lauer",78.20
15573,"Logan Webb",92.62
10897,"Hunter Strickland",86.89
38291,"Gavin Hollowell",92.62
16045,"Tayler Scott",75.30
10332,"Jorge Soler",66.65
30918,"Jackson Jobe",81.19
30768,"Gordon Graceffo",69.47
28570,"Cal Stevenson",87.00
14254,"Fernando Tatis Jr.",63.80
38099,"Cole Sands",81.05
28688,"Jake Mangum",69.47
117974,"Carson Spiers",92.62
38237,"Trey Sweeney",72.47
13550,"Sandy Alcantara",87.00
12546,"A.J. Puk",72.47
12227,"Ryan Yarbrough",95.70
15932,"Lyon Richardson",63.80
29468,"J.C. Escarra",72.47
28811,"Josh Winckowski",78.15
134097,"Spencer Schwellenbach",75.30
10661,"Ryan Pressly",95.68
11031,"Lucas Giolito",81.05
28930,"Kyle Harrison",84.08
17788,"Tyler Gilbert",96.00
12446,"Walker Buehler",81.19
30862,"Marcelo Mayer",95.68
14471,"Nick Martini",78.15
11181,"Sonny Gray",92.62
50978,"Jeremiah Estrada",89.73
39760,"Jared Koenig",63.79
10692,"Travis d'Arnaud",66.62
132817,"Wyatt Langford",92.62
29736,"Adley Rutschman",66.62
15878,"Jake Irvin",66.62
12498,"Emilio Pagán",75.40
14240,"Adrian Morejon",66.65
15770,"Connor Seabold",63.79
30742,"Chayce McDermott",84.08
51531,"Ronny Henriquez",78.20
29827,"Nasim Nunez",84.08
12624,"Jose Ruiz",89.78
38375,"Jose Butto",69.47
29917,"Caleb Freeman",66.65
77884,"Mickey Gasper",89.78
38451,"Huascar Brazoban",89.78
14602,"Enyel De Los Santos",95.70
10448,"Michael Fulmer",69.47
20027,"Andrew Vaughn",72.49
12424,"Luis Castillo",95.68
163320,"Luke Keaschall",84.08
43412,"Brennan Bernardino",63.80
14173,"David Peterson",87.00
12458,"Luis Torrens",75.40
15918,"Jonathan Ornelas",75.38
15823,"Kris Bubic",84.08
38215,"Jonah Bride",95.70
79554,"Tim Elko",95.70
77820,"Jose A. Ferrer",69.47
28856,"Riley Adams",78.15
12565,"Matt Chapman",72.47
10939,"Randal Grichuk",84.08
14167,"Caleb Thielbar",63.72
17690,"Chas McCormick",72.49
38600,"Abner Uribe",78.20
29150,"Hayden Wesneski",95.68
10793,"Tyler Glasnow",84.08
17889,"Bryan Baker",95.68
38230,"Mike Burrows",92.62
14058,"Jose Trevino",92.78
10256,"T.J. McFarland",78.20
29013,"Tyler Soderstrom",92.78
14250,"Brandon Marsh",95.68
10185,"Patrick Corbin",81.05
14340,"Griffin Canning",75.40
15671,"Michael Siani",81.05
15658,"Tirso Ornelas",69.47
10573,"Clayton Kershaw",69.47
10431,"Carlos Rodón",95.68
29441,"Jose Caballero",84.10
15806,"Jorge Alcala",81.19
38203,"Daniel Robert",84.10
38204,"Blaine Crim",78.20
15705,"Daz Cameron",63.80
10586,"Corey Seager",72.47
28859,"Oswald Peraza",78.20
29833,"Shea Langeliers",92.62
14745,"Brandon Lowe",81.05
15664,"Leonardo Rivas",89.78
15681,"Connor Wong",75.40
131786,"Yoshinobu Yamamoto",84.08
44045,"Hunter Gaddis",72.49
38579,"Kevin Kelly",92.78
13994,"Edmundo Sosa",69.47
10405,"Antonio Senzatela",63.79
14321,"Garrett Hampson",89.78
18532,"Matt Krook",89.78
12527,"John Brebbia",75.30
15753,"Jhonathan Diaz",87.00
14265,"Lucas Erceg",72.50
78240,"Jack Dreyer",66.65
14135,"Shohei Ohtani",81.05
78315,"Mason Fluharty",84.08
77625,"Jared Shuster",84.08
15675,"Tyler Stephenson",84.08
10726,"Gary Sánchez",95.68
38192,"Mitch Spence",75.40
10540,"Andrew Heaney",78.20
10738,"Chris Bassitt",66.65
28993,"Luke Little",84.10
12377,"Josh Lowe",66.62
10498,"Yuli Gurriel",78.20
10524,"Salvador Perez",75.40
38642,"Pedro Pages",87.00
38305,"Randy Wynne",69.47
38186,"Ryne Nelson",63.72
14291,"Nick Solak",63.80
79529,"Ty Adcock",66.62
17787,"Connor Brogdon",63.79
77622,"Kumar Rocker",93.02
14295,"Jake Burger",72.49
11062,"Yoán Moncada",75.38
77800,"Zach Brzykcy",81.05
38296,"Justin Hagenman",89.78
15537,"Lane Thomas",84.08
50981,"Louie Varland",95.68
10424,"Tommy Kahnle",84.08
15796,"Cole Winn",92.78
17898,"Tayler Saucedo",78.20
10323,"Rob Zastryzny",69.48
77841,"Chad Patrick",84.08
15708,"Trent Grisham",89.73
29483,"JP Sears",66.62
131777,"Yuki Matsui",89.73
29068,"Kameron Misner",63.80
11251,"Eugenio Suárez",81.05
14297,"Taylor Ward",95.68
10287,"Drew Pomeranz",93.02
20052,"Will Wilson",81.05
29232,"Riley Greene",86.89
11041,"Joe Ross",75.40
11103,"Francisco Lindor",92.62
20051,"Alex Vesia",72.49
15608,"Gabriel Arias",66.65
14619,"Cavan Biggio",72.49
12362,"Harrison Bader",78.20
78289,"Junior Caminero",81.05
17874,"Nathan Lukes",81.05
77881,"Roddery Muñoz",72.49
30846,"Mason Miller",84.06
132871,"Patrick Monteverde",86.89
15758,"Ryan Rolison",81.05
38612,"Jonny Deluca",81.05
14242,"Corbin Burnes",89.78
15713,"Santiago Espinal",92.62
10331,"Kyle Schwarber",69.47
11171,"Kirby Yates",69.48
38144,"Ezequiel Tovar",81.19
29823,"J.J. Bleday",92.62
29847,"Freddy Fermin",75.40
14178,"Brendon Little",84.08
15515,"Reed Garrett",63.80
133135,"Thomas Harrington",81.05
38808,"Jonatan Clase",75.38
12627,"Aaron Bummer",87.00
14638,"Ian Gibaut",92.62
77631,"Robert Garcia",78.20
10609,"J.T. Realmuto",69.47
78236,"Spencer Bivens",78.15
29502,"Matt Wallner",95.68
77708,"Blake Sabol",63.80
12387,"Lucas Sims",75.40
77577,"Fraser Ellard",92.62
29108,"Matt Gorski",96.00
10839,"Austin Hedges",84.08
12475,"Casey Lawrence",89.73
12389,"Josh Hader",72.49
38824,"Christian Encarnacion-Strand",92.78
29090,"Joey Ortiz",81.05
12438,"Max Fried",63.80
132895,"Porter Hodge",66.65
14296,"Josh Naylor",78.23
29916,"Hayden Senger",72.49
29451,"Romy Gonzalez",87.00
10634,"Brent Suter",84.10
14181,"Trevor Rogers",92.62
29934,"Jackson Rutledge",69.59
15844,"Jhoan Duran",63.80
10763,"Matt Olson",69.48
17577,"Isaac Mattson",81.05
132872,"Luarbert Arias",95.68
31106,"Jordan Lawlar",81.05
12413,"Yandy Díaz",84.08
29882,"Angel Zerpa",86.89
29940,"Jacob Latz",72.49
12414,"Cody Bellinger",81.05
14182,"Edward Cabrera",72.49
38352,"Nick Enright",63.80
10734,"Aaron Judge",72.47
29011,"Joe Boyle",84.08
10807,"Elias Díaz",92.62
29373,"Jose Tena",69.47
12225,"Jake Cronenworth",63.79
29021,"Spencer Torkelson",84.10
12436,"Tanner Scott",81.05
12390,"Ben Lively",69.47
132996,"Jack Kochanowicz",96.00
78094,"Anthony Veneziano",84.10
16029,"Mike Yastrzemski",84.08
14208,"Nate Pearson",84.08
10478,"Chris Devenski",92.62
13988,"Mauricio Dubón",81.05
17615,"Zach Thompson",89.89
39035,"Johnathan Rodriguez",92.62
17591,"Trevor Megill",95.68
11219,"Jeimer Candelario",92.78
10711,"Nathan Eovaldi",66.62
111443,"Alek Jacob",78.20
14604,"Matthew Festa",69.47
30423,"Logan Gillaspie",72.49
77680,"Colin Selby",89.73
38717,"Jacob Young",81.19
38399,"Tyler Tolbert",63.79
38430,"Randy Vasquez",92.62
28820,"Dedniel Nunez",78.20
29903,"Lars Nootbaar",87.00
77876,"Brent Headrick",95.68
30761,"Colton Cowser",69.47
28953,"Dillon Dingler",87.00
14274,"Mickey Moniak",75.40
10956,"Blake Snell",95.68
10409,"DJ LeMahieu",81.05
14223,"Hunter Greene",84.08
33153,"Cooper Criswell",81.06
77930,"Victor Scott II",66.62
30838,"Matt Svanson",63.72
13975,"Cionel Perez",72.47
31093,"Evan Sisk",72.47
10297,"Xander Bogaerts",86.89
29888,"Andy Pages",95.68
18474,"Griffin Jax",93.02
12496,"José Alvarado",75.40
29372,"Steven Kwan",87.00
10496,"Alex Bregman",69.48
38734,"Jackson Chourio",69.47
38647,"Tim Tawa",72.49
10291,"Eduardo Rodriguez",72.49
14233,"Richard Lovelady",81.05
15849,"Braydon Fisher",81.19
17816,"Steven Wilson",84.06
12489,"Nick Pivetta",66.62
10326,"Kris Bryant",63.80
28858,"Gabriel Moreno",66.62
13991,"Miles Mikolas",84.08
29231,"Kerry Carpenter",87.00
78203,"Ben Rice",66.65
132860,"Caden Dana",95.68
15743,"Simeon Woods Richardson",86.89
12640,"Tyler Mahle",86.89
10520,"Matt Strahm",92.62
38652,"Luis F. Castillo",69.47
30865,"Ryan Loutos",63.79
38373,"Davis Schneider",63.79
14176,"Ryan Helsley",81.05
15532,"Tyrone Taylor",63.79
10324,"Willson Contreras",75.40
14314,"Keibert Ruiz",81.05
29959,"Davis Daniel",78.20
17904,"Kyle Finnegan",87.00
16046,"Tommy Edman",75.40
38432,"Max Muncy",84.10
31005,"Matt McLain",84.08
29980,"Quinn Priester",87.00
14334,"JoJo Romero",87.00
13977,"Ryan Borucki",69.59
15709,"Kody Clemens",75.40
29931,"Bobby Miller",72.49
15560,"Justin Lawrence",92.78
15665,"Emmanuel Rivera",78.15
22994,"Garrett Crochet",78.20
10330,"Jason Heyward",84.08
28988,"Masyn Winn",69.47
12541,"Sean Newcomb",78.20
10241,"Dansby Swanson",66.62
111746,"Tanner Gordon",89.73
10731,"Rob Refsnyder",69.48
15740,"Brice Turang",92.62
14599,"Ryan Brasier",84.10
13535,"Jack Flaherty",89.78
77570,"Mason Montgomery",78.20
11559,"Aroldis Chapman",66.65
29729,"Yainer Diaz",87.00
12296,"Jon Berti",63.79
14721,"Jeffrey Springs",87.00
29921,"Victor Vodnik",89.78
38583,"Hunter Goodman",89.78
10743,"Liam Hendriks",66.62
14470,"Caleb Ferguson",81.05
15895,"Daniel Lynch IV",92.62
10237,"Freddie Freeman",87.00
30960,"Doug Nikhazy",84.08
12252,"J.P. Crawford",63.80
132875,"Dylan Crews",66.65
11107,"Carlos Santana",72.49
12592,"Victor Caratini",84.08
12201,"Anthony Santander",89.78
14589,"Evan Phillips",87.00
10991,"Martín Pérez",72.49
14207,"Ian Anderson",75.40
10628,"Jorge López",66.62
15528,"Jimmy Herget",87.00
10607,"José Ureña",87.00
38342,"Ryan Bliss",95.68
30749,"Jordan Wicks",84.10
14056,"Chris Martin",78.20
30947,"Hunter Dobbins",84.10
17751,"Ali Sanchez",63.80
12626,"Chris Flexen",78.15
28954,"Gage Workman",89.73
12431,"Clay Holmes",69.48
15809,"Francisco Alvarez",92.62
15741,"Drew Waters",95.70
12090,"Tyler Matzek",89.78
29832,"Jeremy Peña",87.00
10742,"Jesse Hahn",81.19
163481,"Cade Horton",84.08
15877,"Jonathan India",95.68
133145,"Bryan King",92.62
38371,"Jake Bird",95.68
15627,"Stuart Fairchild",69.47
28880,"Bailey Falter",72.47
28909,"Carmen Mlodzinski",66.62
77585,"Brooks Lee",66.62
15870,"Brewer Hicklen",66.62
79629,"Logan VanWey",66.62
10648,"José Berríos",75.38
15830,"Griffin Conine",81.05
15811,"Aaron Ashby",75.38
15751,"Triston Casas",63.80
28998,"Austin Wells",81.05
12815,"Ryan McMahon",95.68
38424,"Andre Pallante",87.00
29285,"DaShawn Keirsey Jr.",75.40
28590,"Liover Peguero",95.70
38407,"Connor Thomas",75.30
10636,"Martín Maldonado",84.08
28989,"Nick Gonzales",75.38
29271,"Kyren Paris",92.62
14187,"Andrés Giménez",87.00
15824,"Luis Campusano",86.89
14307,"Heliot Ramos",87.00
30081,"Paxton Schultz",63.80
38653,"Samad Taylor",81.05
12528,"Paul DeJong",84.08
14318,"Gavin Sheets",72.47
164583,"Luis Mey",78.23
29124,"David Hamilton",86.89
18530,"Jonathan Aranda",75.38
38360,"Will Brennan",66.62
29739,"Erik Miller",66.62
38119,"Kody Funderburk",92.78
29539,"Shawn Dubin",87.00
15843,"Camilo Doval",81.05
29352,"Bryson Stott",89.78
38825,"Carlos Narvaez",92.78
15583,"Nick Allen",89.78
134982,"Ben Casparius",66.62
12551,"Rafael Devers",89.73
14037,"José Castillo",63.80
17630,"Ernie Clement",69.48
163479,"Roki Sasaki",92.62
31112,"Niko Kavadas",89.73
132877,"Jung Hoo Lee",84.08
78192,"Rhylan Thomas",72.49
15695,"Jose Azocar",75.40
77593,"Edgar Quero",72.49
29484,"Ezequiel Duran",75.38
15795,"Garrett Whitlock",78.20
38297,"Jorbit Vivas",69.47
15557,"Merrill Kelly",89.78
38300,"Colin Holderman",89.78
11088,"Kyle Higashioka",72.49
14271,"Luis Robert Jr.",84.08
111891,"Jake Eder",89.78
20026,"Tyler Freeman",75.40
10392,"Miguel Castro",95.70
28902,"Joey Cantillo",95.68
15765,"Matt Sauer",63.79
38301,"Eric Orze",84.08
38381,"George Kirby",66.62
12364,"Dylan Cease",95.70
130235,"Justin Slaten",87.00
77592,"Zach Neto",63.72
38646,"Jacob Hurtubise",95.68
20059,"Josh Jung",66.62
12207,"Cedric Mullins",86.89
164995,"Tomoyuki Sugano",89.78
28849,"Bailey Ober",81.05
20452,"Nick Mears",89.78
12591,"Mike Tauchman",95.68
10892,"Steven Okert",81.05
30965,"Tanner Bibee",69.47
14204,"Kolby Allard",84.08
20058,"Alan Trejo",75.30
12350,"Anthony Banda",84.08
38861,"Alejandro Osuna",89.78
30741,"Colton Gordon",95.68
10778,"Héctor Neris",78.20
29735,"Gunnar Henderson",78.15
18511,"Lake Bachar",78.20
29893,"Collin Snider",89.78
38499,"Josh Walker",92.78
14086,"Tim Hill",66.62
14017,"Pablo López",69.47
29084,"Isaac Collins",81.05
11258,"Justin Turner",92.78
133815,"Valente Bellozo",63.80
132816,"Liam Hicks",78.20
132809,"Graham Pauley",86.89
132881,"Hayden Birdsong",84.10
29865,"Bowden Francis",72.47
12367,"Bryan Hudson",75.40
29947,"Graham Ashcraft",66.62
28981,"Thomas Saggese",72.49
28645,"Jake Meyers",78.20
29398,"Tanner Banks",89.73
38216,"Coco Montes",89.78
12258,"Rhys Hoskins",69.47
14108,"Zack Littell",89.78
38665,"Angel Martinez",63.79
133325,"Chris Roycroft",78.20
38146,"Tyler Holton",78.20
14009,"Eric Haase",95.68
133087,"Carlos F. Rodriguez",92.78
133044,"Noah Murdock",84.08
29506,"Daniel Schneemann",63.79
11236,"Adam Frazier",95.68
29866,"Reese Olson",81.19
14316,"MJ Melendez",92.78
17100,"Sam Haggerty",75.38
38128,"Tommy Henry",81.19
132818,"Grant Wolfram",95.68
14347,"Bryse Wilson",95.68
15600,"Cal Raleigh",92.78
132846,"Brant Hurter",87.00
10619,"Jacob Barnes",72.49
10570,"Yimi García",84.08
14193,"Mark Vientos",95.68
14206,"Michael Soroka",84.08
166987,"Yaramil Hiraldo",95.70
38229,"Hunter Stratton",92.62
20511,"Ryan Jeffers",78.20
10959,"Luke Maile",66.62
29007,"Jordan Westburg",66.62
38435,"Ethan Roberts",81.05
12554,"Victor Robles",75.40
77598,"Ben Joyce",87.00
29946,"Ryan Pepiot",84.08
77660,"Matt Mervis",72.49
14610,"Jeff McNeil",72.49
133122,"Paul Skenes",75.30
10383,"Gio Urshela",89.78
15595,"Julio Rodriguez",95.70
17590,"Manuel Rodriguez",84.08
12355,"Brad Keller",81.19
10770,"Luis Garcia",63.79
15774,"Brady Singer",84.08
22487,"Alejandro Kirk",92.62
14338,"Dustin May",87.00
29359,"Johan Rojas",84.08
10343,"Wandy Peralta",81.19
38245,"Wilyer Abreu",78.23
11609,"Jacob Stallings",96.00
10701,"Michael Conforto",66.58
77624,"Drake Baldwin",69.48
30987,"Jack Leiter",72.47
17724,"Zach McKinstry",72.50
15825,"Alexander Canario",75.40
15588,"Jake Fraley",75.38
12222,"Andrew Kittredge",69.47
14588,"Robert Stock",92.62
132983,"Ryan Gusto",69.47
163482,"Carlos Duran",81.19
14269,"Royce Lewis",78.20
14753,"Touki Toussaint",78.20
12279,"J.D. Davis",72.47
10397,"Jeff Hoffman",63.80
15764,"Gregory Santos",84.10
10756,"Max Muncy",84.10
134156,"Justin Wrobleski",81.05
10805,"Trevor Williams",72.47
10834,"Colin Rea",78.15
11027,"Kevin Pillar",63.80
31098,"Elvis Peguero",69.47
15716,"Nolan Gorman",75.40
10928,"Michael Wacha",78.15
14003,"Dennis Santana",72.49
132619,"Cristian Mena",96.00
12582,"Hoby Milner",63.80
10898,"Albert Suárez",89.78
11695,"Donovan Solano",95.68
11234,"Josh Bell",84.08
11253,"Kenley Jansen",86.89
16977,"Emmanuel Clase",69.47
17685,"Ronel Blanco",84.10
29193,"Tyler Fitzgerald",87.00
11057,"Trea Turner",78.15
14049,"Nick Burdi",63.80
111885,"Bradley Blalock",95.70
14010,"Willi Castro",72.47
30985,"Noah Davis",72.47
38383,"Cody Bolton",78.20
12444,"Tyler Alexander",81.05
134760,"Zebby Matthews",75.38
31113,"Luis Guerrero",92.62
10720,"Luis Severino",66.65
28873,"Christopher Morel",78.23
77887,"Will Warren",78.20
77560,"Cade Povich",72.49
15923,"Geraldo Perdomo",89.78
39067,"Jasson Dominguez",66.62
28757,"Tsung-Che Cheng",81.06
14102,"Gregory Soto",66.62
11085,"Chad Green",75.38
10672,"Eddie Rosario",86.89
14145,"Jonathan Loaisiga",92.62
29981,"Hunter Brown",84.10
34925,"Spencer Strider",89.73
38770,"Edouard Julien",72.50
14299,"Jordan Romano",72.47
10495,"Jose Altuve",75.40
15492,"Trent Thornton",86.89
10487,"Lance McCullers Jr.",89.78
10462,"Justin Verlander",66.65
13980,"Reese McGuire",69.47
11037,"Reynaldo López",63.80
18434,"Gerson Garabito",84.08
15986,"Dean Kremer",63.80
38440,"Caleb Boushley",86.89
77831,"Richard Fitts",95.68
15818,"Tristan Beck",78.23
10399,"Germán Márquez",66.65
11017,"Marcus Stroman",72.50
29841,"Jacob Amaya",87.00
11042,"Max Scherzer",81.19
10508,"Scott Alexander",81.05
22486,"Sam Huff",63.80
15558,"Joel Payamps",72.49
29846,"James Outman",75.40
28745,"Matt Vierling",87.00
28874,"Max Kranick",81.05
137756,"Luis Peralta",63.80
15645,"Nicky Lopez",69.47
28889,"Dustin Harris",81.05
12238,"Tyler Wade",92.78
15906,"Jose Miranda",78.15
29845,"Michael Busch",92.62
134761,"Orlando Ribalta",69.47
10364,"Carlos Carrasco",69.47
12244,"Jorge Mateo",78.23
12397,"Jakob Junis",87.00
13337,"A.J. Minter",87.00
18471,"Justin Topa",69.47
38492,"Elly De La Cruz",63.80
77893,"Agustin Ramirez",87.00
164655,"Brandon Young",84.08
17640,"Danny Young",75.38
17853,"Kevin Herget",72.49
28949,"Colt Keith",84.08
10201,"Nick Ahmed",69.47
17109,"Gabe Speier",72.49
10506,"George Springer",87.00
12280,"Ramón Laureano",81.05
14650,"Shaun Anderson",89.73
15631,"Zac Gallen",84.08
10438,"Tim Anderson",78.23
29528,"Austin Warren",66.62
14628,"Randy Arozarena",66.65
12356,"Ryne Stanek",81.06
10779,"Aaron Nola",78.20
79597,"Chase Meidroth",81.05
38222,"Jorge Barrosa",66.62
10579,"Brock Stewart",89.78
14342,"Aaron Civale",78.20
77997,"Jordan Beck",72.49
12449,"Kyle Freeland",75.40
12324,"Ryan Thompson",78.15
18466,"Anthony Bender",66.62
77558,"Kade Strowd",87.00
17103,"Cole Sulser",69.47
132803,"Stephen Kolek",72.49
20045,"Owen Miller",92.62
14275,"Bo Bichette",69.47
132841,"Nathan Wiles",81.05
12403,"Luis Urías",78.20
29339,"Sean Bouchard",75.40
10184,"Andrew Chafin",78.20
10912,"Matt Bowman",75.30
31009,"Jackson Merrill",72.49
28971,"Robert Hassell III",84.08
30894,"Landen Roupp",87.00
14324,"Daulton Varsho",81.05
77562,"Chase Shugart",89.73
78007,"George Soriano",69.48
29933,"Ryan Feltner",87.00
10741,"Kendall Graveman",96.00
78126,"Tyler Callihan",78.23
12563,"Ronald Acuña Jr.",95.68
15672,"Will Smith",69.48
77971,"Alan Roden",96.00
12336,"LaMonte Wade Jr",95.70
10314,"Pierce Johnson",75.40
28956,"Evan Carter",84.10
10276,"Christian Walker",69.48
38189,"Eric Wagaman",84.08
51238,"Luis L. Ortiz",63.79
10497,"Carlos Correa",87.00
77889,"Brandon Walter",87.00
13987,"Freddy Peralta",78.20
10615,"Marcell Ozuna",92.62
17784,"Garrett Cleavinger",72.47
10704,"Brandon Nimmo",69.48
10325,"Javier Báez",92.78
14285,"Yordan Alvarez",78.15
38815,"Dane Myers",69.47
133143,"Logan Evans",78.20
28660,"Alex Call",86.89
15696,"Luken Baker",69.47
14215,"Forrest Whitley",87.00
14042,"Seranthony Domínguez",92.78
14080,"Jesus Tinoco",72.50
38431,"Addison Barger",92.62
14035,"Austin Wynns",95.68
77866,"Taj Bradley",69.47
14168,"Shane Baz",78.20
31015,"Jack Suwinski",81.19
15527,"Justin Steele",81.05
14232,"Scott Blewett",72.49
11137,"Jorge Polanco",81.05
38357,"Tim Herrin",89.78
29956,"Jonathan Bowlan",92.78
15913,"Tobias Myers",84.08
10768,"Zach Eflin",72.49
11203,"Miguel Rojas",66.65
15568,"Ty France",81.05
10696,"Wilmer Flores",84.08
12233,"Miguel Andújar",69.47
10857,"Edwin Díaz",69.48
14298,"Matt Thaiss",75.40
17897,"Joshua Palacios",81.19
38178,"Brandon Eisert",63.80
15597,"Logan Gilbert",75.40
15845,"Mason Englert",89.73
15699,"Alec Bohm",84.08
17783,"Cristopher Sanchez",95.68
11045,"Blake Treinen",78.15
14325,"Pavin Smith",66.62
38700,"John Rave",95.70
18391,"Alexis Diaz",86.89
16984,"John Schreiber",69.47
15710,"William Contreras",95.70
15949,"Will Benson",78.20
29473,"Maverick Handley",69.47
10896,"Chris Stratton",84.08
14031,"Hunter Harvey",95.68
14228,"Tanner Houck",78.15
12361,"Ian Happ",84.08
12396,"Grant Holmes",69.48
10313,"Kyle Hendricks",95.68
17760,"Brooks Kriske",66.62
12408,"Alex Verdugo",75.40
14328,"Jasrado Chisholm Jr.",63.72
14369,"Nolan Jones",75.40
14278,"Juan Soto",89.73
38605,"Max Schuemann",78.20
132344,"Yariel Rodriguez",69.47
132516,"Tyler Owens",63.80
38573,"Brayan Bello",75.40
77664,"Ben Brown",87.00
15781,"Alek Thomas",72.50
30990,"Daniel Palencia",66.62
16976,"Josh Rojas",78.15
29728,"Richie Palacios",75.40
164889,"Ryan Johnson",84.08
38271,"Grant Anderson",78.20
78195,"Javier Sanoja",87.00
79610,"Rece Hinds",87.00
10311,"Carl Edwards Jr.",87.00
38860,"Zak Kent",66.65
20048,"Michael Harris II",69.47
15927,"Tyler Phillips",89.73
12335,"Bobby Dalbec",78.15
18411,"Andruw Monasterio",75.30
29238,"Bennett Sousa",72.49
28945,"Mitchell Parker",86.89
15890,"Matthew Liberatore",92.62
28664,"Brandon Lockridge",69.47
108821,"Eduardo Salazar",75.40
17732,"Angel Perdomo",75.40
17638,"Nick Sandlin",63.80
132948,"Juan Mejia",81.05
10759,"Marcus Semien",87.00
12427,"Sam Moll",63.80
29037,"Anthony Volpe",72.47
10429,"José Quintana",63.79
14218,"Cole Ragans",95.68
18424,"Bryan De La Cruz",95.68
20025,"Rafael Marchan",66.65
10268,"Manny Machado",81.05
28990,"Mick Abel",84.08
30763,"Henry Davis",87.00
77797,"Luisangel Acuna",69.47
29850,"C.J. Abrams",89.78
38140,"Moises Ballesteros",92.62
133654,"Craig Yoho",89.89
17650,"Michael Petersen",75.40
38153,"Endy Rodriguez",75.38
13978,"Lourdes Gurriel Jr.",89.78
29135,"Nick Sogard",87.00
14059,"Isiah Kiner-Falefa",69.48
10388,"Tyler Anderson",95.70
77559,"Jackson Holliday",95.68
30783,"Bryce Miller",84.08
10590,"Joc Pederson",72.47
10941,"Tommy Pham",69.47
79620,"Gustavo Campero",87.00
10195,"Shelby Miller",89.78
38497,"Braxton Fulford",95.68
14415,"Chris Paddack",63.80
133147,"Blade Tidwell",78.20
10930,"Luke Weaver",84.08
12574,"Phil Maton",69.48
11239,"Andrew McCutchen",89.78
20047,"Nick Lodolo",66.62
132954,"Michael Darrell-Hicks",92.62
28984,"Zac Veen",95.68
29115,"Corbin Carroll",84.08
17091,"Abraham Toro",96.00
30678,"Justin Sterner",84.10
133491,"Ben Williamson",92.62
133764,"Zach Agnos",84.08
14141,"Derek Hill",95.70
133464,"Brooks Baldwin",84.08
15541,"Luis Rengifo",66.65
10662,"Taylor Rogers",95.68
14962,"Pablo Reyes",87.00
17671,"Elvin Rodriguez",69.59
31006,"Blake Dunn",87.00
38626,"Oliver Dunn",87.00
10685,"Rafael Montero",89.78
133012,"Angel Chivilli",81.19
29249,"Michael Stefanic",66.65
13976,"Lou Trivino",86.89
164888,"Jose Fermin",92.78
31099,"Janson Junk",63.80
132848,"David Festa",69.47
28814,"Christian Koss",63.79
38591,"Randy Rodriguez",87.00
17708,"Jason Alexander",66.58
166627,"Cade Gibson",66.62
132991,"Connor Gillispie",92.62
15940,"Luis Garcia Jr.",75.40
15869,"Carlos Hernandez",69.47
16978,"Kevin Ginkel",69.48
10202,"Paul Goldschmidt",87.00
12434,"Mitch Keller",72.49
10365,"Mike Clevinger",96.00
15864,"Brenan Hanifee",75.30
13996,"Tyler O'Neill",78.23
12285,"Tyler Heineman",78.20
12211,"Austin Hays",81.05
163480,"Hyeseong Kim",63.79
29455,"Davis Martin",63.80
15638,"Nico Hoerner",75.40
10625,"Adrian Houser",66.62
15591,"Noelvi Marte",89.78
14266,"Sean Murphy",89.78
11110,"José Iglesias",63.80
38669,"Drey Jameson",84.08
10410,"Trevor Story",92.62
78172,"Jace Jung",89.78
14185,"Ke'Bryan Hayes",63.79
38154,"Bryce Elder",75.40
10988,"José Leclerc",95.68
14356,"Jordan Hicks",87.00
14224,"Tony Santillan",72.49
78153,"Daylen Lile",92.78
15624,"Xavier Edwards",84.08
14311,"Akil Baddoo",84.08
15938,"Brayan Rocchio",63.80
30683,"Willie MacIver",89.73
77933,"Easton Lucas",87.13
10754,"Mark Canha",66.62
15630,"TJ Friedl",84.08
11282,"Manuel Margot",86.89